actual,predicted,readmission_probability,classification_error,probability_error
0,1,0.5328869,1,0.5328869223594666
1,0,0.4363188,1,0.5636811852455139
1,1,0.54755604,0,0.4524439573287964
0,0,0.4640304,0,0.4640304148197174
0,0,0.3415382,0,0.3415381908416748
1,1,0.5109301,0,0.4890698790550232
1,1,0.7076279,0,0.29237210750579834
0,1,0.58122915,1,0.5812291502952576
0,1,0.83840054,1,0.8384005427360535
1,1,0.65460324,0,0.3453967571258545
1,1,0.79293996,0,0.2070600390434265
1,1,0.5361854,0,0.4638146162033081
1,1,0.9444695,0,0.05553048849105835
1,1,0.8765326,0,0.12346738576889038
1,0,0.29440913,1,0.7055908739566803
0,1,0.5022053,1,0.5022053122520447
0,1,0.5298161,1,0.5298160910606384
1,0,0.40781185,1,0.592188149690628
1,1,0.8685178,0,0.13148218393325806
0,1,0.69222707,1,0.6922270655632019
1,1,0.76945543,0,0.2305445671081543
1,1,0.9531322,0,0.04686778783798218
0,1,0.81179905,1,0.8117990493774414
1,1,0.73992705,0,0.2600729465484619
1,1,0.7718785,0,0.22812151908874512
0,1,0.66824776,1,0.6682477593421936
0,1,0.5490966,1,0.5490965843200684
1,1,0.9617779,0,0.03822207450866699
1,1,0.5536639,0,0.4463360905647278
1,1,0.66805106,0,0.3319489359855652
1,1,0.90436983,0,0.09563016891479492
0,1,0.5824677,1,0.5824676752090454
1,1,0.7320142,0,0.26798582077026367
0,1,0.50385094,1,0.5038509368896484
1,1,0.51616657,0,0.4838334321975708
1,1,0.77117026,0,0.2288297414779663
0,0,0.16439079,0,0.16439078748226166
1,1,0.686462,0,0.3135380148887634
1,1,0.92974526,0,0.07025474309921265
0,0,0.34630543,0,0.3463054299354553
0,0,0.26116058,0,0.26116058230400085
1,1,0.96580017,0,0.03419983386993408
1,0,0.33361155,1,0.6663884520530701
0,0,0.4661466,0,0.4661465883255005
1,1,0.8110063,0,0.1889936923980713
1,0,0.46787867,1,0.532121330499649
1,1,0.91313374,0,0.08686625957489014
0,1,0.6076112,1,0.6076111793518066
1,1,0.96996766,0,0.030032336711883545
0,1,0.8303939,1,0.83039391040802
0,1,0.6249186,1,0.6249185800552368
1,1,0.811227,0,0.18877297639846802
1,1,0.8783394,0,0.12166059017181396
1,1,0.65685457,0,0.3431454300880432
1,1,0.6986008,0,0.3013991713523865
1,1,0.7888606,0,0.21113938093185425
1,1,0.6288265,0,0.3711735010147095
0,1,0.521166,1,0.5211660265922546
0,1,0.55038685,1,0.5503868460655212
1,1,0.9830731,0,0.016926884651184082
0,1,0.6379486,1,0.6379485726356506
0,0,0.3163213,0,0.31632131338119507
1,1,0.68358934,0,0.3164106607437134
1,1,0.7910093,0,0.2089906930923462
0,0,0.4157044,0,0.4157043993473053
1,1,0.88632256,0,0.11367744207382202
1,1,0.9054941,0,0.0945059061050415
1,1,0.8170125,0,0.1829875111579895
0,0,0.38056207,0,0.38056206703186035
1,1,0.9794979,0,0.020502090454101562
1,1,0.7252447,0,0.2747552990913391
0,1,0.5801263,1,0.5801262855529785
1,1,0.66938883,0,0.3306111693382263
0,0,0.35878146,0,0.35878145694732666
0,1,0.56763387,1,0.567633867263794
1,1,0.98664004,0,0.01335996389389038
1,1,0.96814585,0,0.03185415267944336
1,1,0.8685507,0,0.13144928216934204
0,0,0.3812373,0,0.38123729825019836
0,1,0.7710034,1,0.7710034251213074
1,1,0.7387848,0,0.2612152099609375
0,1,0.62460625,1,0.6246062517166138
0,1,0.5326452,1,0.5326452255249023
1,1,0.7313021,0,0.26869791746139526
1,1,0.80630463,0,0.19369536638259888
1,1,0.96202946,0,0.037970542907714844
1,1,0.81521034,0,0.18478965759277344
1,0,0.44923726,1,0.5507627427577972
1,1,0.62693393,0,0.3730660676956177
0,1,0.9530601,1,0.9530600905418396
1,1,0.9727691,0,0.027230918407440186
1,1,0.9361947,0,0.06380528211593628
1,1,0.6180517,0,0.3819482922554016
1,1,0.5631172,0,0.43688279390335083
1,1,0.5463142,0,0.45368582010269165
1,1,0.87521887,0,0.12478113174438477
0,0,0.42657995,0,0.42657995223999023
1,1,0.9558823,0,0.04411768913269043
0,0,0.24185812,0,0.2418581247329712
1,1,0.6503602,0,0.34963977336883545
0,0,0.45056647,0,0.45056647062301636
0,1,0.5529177,1,0.5529177188873291
1,1,0.5868671,0,0.413132905960083
1,0,0.46043816,1,0.5395618379116058
1,1,0.90804285,0,0.09195715188980103
1,1,0.5565767,0,0.4434232711791992
0,1,0.8603265,1,0.8603265285491943
0,0,0.22672632,0,0.22672632336616516
0,0,0.26107827,0,0.26107826828956604
1,1,0.5121388,0,0.4878612160682678
1,1,0.5939122,0,0.40608781576156616
1,1,0.52119833,0,0.4788016676902771
1,1,0.6256196,0,0.3743804097175598
1,1,0.87717235,0,0.12282764911651611
1,1,0.6657032,0,0.3342968225479126
1,1,0.95194674,0,0.04805326461791992
1,1,0.9525588,0,0.047441184520721436
1,1,0.754388,0,0.2456120252609253
0,1,0.64774936,1,0.6477493643760681
1,1,0.5669831,0,0.43301689624786377
0,0,0.4204601,0,0.4204601049423218
1,1,0.8635754,0,0.13642460107803345
1,1,0.7807573,0,0.21924269199371338
1,1,0.7872905,0,0.2127094864845276
1,1,0.97645605,0,0.023543953895568848
1,1,0.8540026,0,0.14599740505218506
1,1,0.9506554,0,0.04934459924697876
1,1,0.91748977,0,0.08251023292541504
1,1,0.83843714,0,0.16156286001205444
1,1,0.96854377,0,0.03145623207092285
1,1,0.9795884,0,0.02041161060333252
1,1,0.6465653,0,0.353434681892395
0,1,0.57475674,1,0.5747567415237427
1,1,0.9793148,0,0.020685195922851562
1,1,0.99030495,0,0.009695053100585938
0,1,0.9599239,1,0.9599239230155945
0,1,0.6329139,1,0.6329138875007629
0,1,0.5198851,1,0.5198851227760315
1,1,0.6403533,0,0.35964667797088623
0,0,0.41082177,0,0.4108217656612396
0,1,0.68404657,1,0.6840465664863586
1,1,0.97207737,0,0.027922630310058594
1,0,0.496117,1,0.5038830041885376
1,0,0.24954076,1,0.7504592388868332
0,0,0.256876,0,0.25687599182128906
1,1,0.9773297,0,0.022670328617095947
1,0,0.46500123,1,0.5349987745285034
1,1,0.54592085,0,0.45407915115356445
1,1,0.90121776,0,0.0987822413444519
1,1,0.5566841,0,0.44331592321395874
0,1,0.60450417,1,0.6045041680335999
1,1,0.9403955,0,0.059604525566101074
0,1,0.55823565,1,0.5582356452941895
0,1,0.542467,1,0.5424669981002808
0,1,0.6960692,1,0.6960691809654236
0,1,0.5730864,1,0.5730863809585571
0,0,0.27806705,0,0.27806705236434937
1,1,0.741737,0,0.2582629919052124
1,1,0.97866493,0,0.021335065364837646
1,1,0.91115683,0,0.08884316682815552
1,0,0.49883708,1,0.5011629164218903
0,1,0.9223874,1,0.922387421131134
1,1,0.92675847,0,0.07324153184890747
0,0,0.36104792,0,0.3610479235649109
1,1,0.7095397,0,0.2904602885246277
0,1,0.6078214,1,0.6078214049339294
1,1,0.7425812,0,0.25741881132125854
1,1,0.75497967,0,0.24502032995224
1,1,0.7816538,0,0.21834617853164673
1,0,0.41511732,1,0.5848826766014099
0,1,0.8767461,1,0.8767461180686951
0,1,0.7907699,1,0.7907698750495911
0,0,0.446481,0,0.44648098945617676
0,1,0.90618765,1,0.9061876535415649
1,1,0.9626047,0,0.03739529848098755
1,1,0.962948,0,0.0370519757270813
1,0,0.41183257,1,0.5881674289703369
1,1,0.6959754,0,0.3040245771408081
0,1,0.9471503,1,0.9471502900123596
0,0,0.43283218,0,0.43283218145370483
1,1,0.7299141,0,0.270085871219635
1,1,0.8970949,0,0.10290509462356567
1,1,0.75601524,0,0.24398475885391235
1,1,0.9781383,0,0.021861672401428223
1,1,0.8551516,0,0.14484840631484985
0,1,0.5975188,1,0.597518801689148
1,1,0.8499471,0,0.15005290508270264
1,1,0.72315073,0,0.27684926986694336
1,1,0.64191765,0,0.3580823540687561
0,1,0.6192985,1,0.61929851770401
1,1,0.82185173,0,0.1781482696533203
0,1,0.5253089,1,0.5253089070320129
1,1,0.86475146,0,0.13524854183197021
1,0,0.45963907,1,0.5403609275817871
1,0,0.39069378,1,0.6093062162399292
1,0,0.4635472,1,0.5364528000354767
0,1,0.518734,1,0.5187339782714844
0,1,0.6215045,1,0.6215044856071472
1,1,0.9539029,0,0.04609709978103638
1,1,0.58733505,0,0.4126649498939514
1,1,0.7662247,0,0.2337753176689148
0,1,0.6336543,1,0.6336542963981628
0,1,0.51440704,1,0.5144070386886597
1,1,0.60952497,0,0.3904750347137451
1,1,0.72272027,0,0.27727973461151123
1,1,0.9236031,0,0.0763968825340271
1,1,0.8425363,0,0.15746372938156128
0,0,0.41108564,0,0.4110856354236603
1,1,0.5439599,0,0.45604008436203003
1,0,0.43662778,1,0.5633722245693207
1,1,0.53825176,0,0.46174824237823486
0,1,0.90053606,1,0.900536060333252
0,0,0.46883696,0,0.4688369631767273
0,0,0.39856815,0,0.39856815338134766
0,1,0.6844245,1,0.6844245195388794
1,1,0.79913217,0,0.20086783170700073
1,1,0.90312266,0,0.0968773365020752
1,1,0.7315149,0,0.2684851288795471
0,1,0.5414855,1,0.5414854884147644
1,1,0.9121887,0,0.08781129121780396
1,1,0.83426607,0,0.1657339334487915
0,1,0.5215876,1,0.521587610244751
0,1,0.62303144,1,0.6230314373970032
1,1,0.9383081,0,0.061691880226135254
1,1,0.5389666,0,0.4610334038734436
0,1,0.67056406,1,0.6705640554428101
1,1,0.83326674,0,0.1667332649230957
0,1,0.52491635,1,0.5249163508415222
1,1,0.8274467,0,0.17255330085754395
0,0,0.34874007,0,0.3487400710582733
0,1,0.60596067,1,0.6059606671333313
1,1,0.8737143,0,0.12628567218780518
1,1,0.75586283,0,0.24413716793060303
0,1,0.61571807,1,0.6157180666923523
1,1,0.95536596,0,0.04463404417037964
1,1,0.9618491,0,0.038150906562805176
1,1,0.88563424,0,0.11436575651168823
1,1,0.91148025,0,0.08851975202560425
1,1,0.97276175,0,0.02723824977874756
1,1,0.55211633,0,0.447883665561676
1,1,0.9671596,0,0.03284037113189697
0,0,0.23205006,0,0.2320500612258911
0,0,0.33311796,0,0.3331179618835449
0,1,0.5337555,1,0.5337554812431335
0,0,0.24535325,0,0.24535325169563293
1,1,0.85269225,0,0.14730775356292725
1,0,0.48061928,1,0.5193807184696198
1,0,0.4412127,1,0.5587872862815857
1,1,0.87947375,0,0.1205262541770935
1,1,0.9302618,0,0.06973820924758911
1,1,0.9639625,0,0.03603750467300415
1,1,0.87602365,0,0.12397634983062744
1,1,0.590846,0,0.4091539978981018
0,0,0.43732077,0,0.4373207688331604
1,1,0.9415442,0,0.058455824851989746
1,1,0.71916926,0,0.2808307409286499
0,1,0.6036527,1,0.6036527156829834
1,1,0.9784732,0,0.021526813507080078
1,1,0.9597774,0,0.04022258520126343
1,1,0.89013433,0,0.10986566543579102
1,1,0.723455,0,0.276544988155365
1,1,0.9411041,0,0.058895885944366455
1,1,0.8919367,0,0.10806328058242798
0,0,0.29185086,0,0.29185086488723755
0,0,0.23246638,0,0.23246638476848602
1,1,0.849555,0,0.15044498443603516
1,1,0.96899104,0,0.03100895881652832
1,1,0.8538026,0,0.1461973786354065
1,1,0.51253265,0,0.48746734857559204
1,1,0.5493287,0,0.45067131519317627
1,1,0.668141,0,0.3318589925765991
1,1,0.7324019,0,0.26759809255599976
1,1,0.8380358,0,0.16196417808532715
0,1,0.85682046,1,0.8568204641342163
1,1,0.75277126,0,0.247228741645813
1,1,0.574829,0,0.42517101764678955
1,1,0.9533019,0,0.04669809341430664
1,1,0.529726,0,0.4702739715576172
1,1,0.64434016,0,0.3556598424911499
1,1,0.9060516,0,0.09394842386245728
0,0,0.24753138,0,0.24753138422966003
1,1,0.7364417,0,0.2635583281517029
1,1,0.95469856,0,0.04530143737792969
0,0,0.18694341,0,0.1869434118270874
0,1,0.77478343,1,0.7747834324836731
1,1,0.8309434,0,0.16905659437179565
1,1,0.92347574,0,0.07652425765991211
1,1,0.97646296,0,0.023537039756774902
1,1,0.5113229,0,0.48867708444595337
1,1,0.8981177,0,0.10188227891921997
1,1,0.8594323,0,0.14056771993637085
0,1,0.5216969,1,0.521696925163269
0,1,0.6237438,1,0.6237437725067139
0,1,0.8326904,1,0.832690417766571
0,1,0.6541827,1,0.6541826725006104
1,1,0.9458848,0,0.0541151762008667
1,1,0.97044724,0,0.029552757740020752
1,1,0.67778426,0,0.322215735912323
1,1,0.9117315,0,0.08826851844787598
0,1,0.7520278,1,0.7520278096199036
1,1,0.9574159,0,0.042584121227264404
1,1,0.81851953,0,0.18148046731948853
0,0,0.23024783,0,0.23024782538414001
0,1,0.6799953,1,0.6799952983856201
1,1,0.52322423,0,0.47677576541900635
1,1,0.84806347,0,0.15193653106689453
1,1,0.5829375,0,0.41706252098083496
0,0,0.24660614,0,0.24660614132881165
1,1,0.84949374,0,0.15050625801086426
1,1,0.62019134,0,0.3798086643218994
1,0,0.25011587,1,0.7498841285705566
1,1,0.9622979,0,0.037702083587646484
0,0,0.4289568,0,0.4289568066596985
1,1,0.8728288,0,0.12717121839523315
1,1,0.88743925,0,0.11256074905395508
1,1,0.97205937,0,0.02794063091278076
1,1,0.68311113,0,0.31688886880874634
0,0,0.21958904,0,0.21958903968334198
1,1,0.6641491,0,0.33585089445114136
1,0,0.40872452,1,0.5912754833698273
0,1,0.8603931,1,0.8603931069374084
0,0,0.19007432,0,0.19007432460784912
1,1,0.9596116,0,0.040388405323028564
0,1,0.5085101,1,0.5085101127624512
0,1,0.9432934,1,0.9432933926582336
1,1,0.90331954,0,0.09668046236038208
1,1,0.7623214,0,0.23767858743667603
1,1,0.9013413,0,0.09865868091583252
0,1,0.8504704,1,0.8504704236984253
1,1,0.95727813,0,0.04272186756134033
0,1,0.5114403,1,0.5114402770996094
1,1,0.64297247,0,0.357027530670166
0,1,0.6298342,1,0.6298341751098633
1,1,0.92099494,0,0.07900506258010864
1,1,0.953549,0,0.04645097255706787
1,1,0.902199,0,0.09780102968215942
1,1,0.9592272,0,0.04077279567718506
1,1,0.8113397,0,0.18866032361984253
0,1,0.7064626,1,0.7064626216888428
0,0,0.34953278,0,0.3495327830314636
1,1,0.66307825,0,0.336921751499176
1,1,0.9811508,0,0.018849194049835205
1,1,0.83678365,0,0.16321635246276855
1,1,0.9502706,0,0.04972940683364868
1,1,0.92163426,0,0.0783657431602478
1,1,0.81982905,0,0.1801709532737732
0,0,0.3470634,0,0.3470633924007416
1,1,0.94092363,0,0.05907636880874634
1,1,0.5692659,0,0.4307340979576111
1,1,0.95896757,0,0.04103243350982666
0,1,0.56438947,1,0.5643894672393799
0,1,0.6880563,1,0.6880562901496887
0,0,0.46914315,0,0.4691431522369385
1,1,0.8158165,0,0.18418347835540771
1,1,0.8072168,0,0.1927831768989563
1,1,0.5847705,0,0.4152294993400574
1,1,0.74839,0,0.2516099810600281
0,1,0.6975356,1,0.6975355744361877
1,0,0.41943714,1,0.5805628597736359
1,1,0.90214026,0,0.09785974025726318
1,1,0.7288336,0,0.2711663842201233
0,1,0.5108757,1,0.5108757019042969
1,1,0.9580007,0,0.04199928045272827
0,0,0.18227836,0,0.1822783648967743
1,1,0.626736,0,0.37326401472091675
1,1,0.9095511,0,0.09044891595840454
1,1,0.85477203,0,0.14522796869277954
1,1,0.6109118,0,0.3890882134437561
1,0,0.36308366,1,0.6369163393974304
1,1,0.9476451,0,0.05235487222671509
1,1,0.56225735,0,0.4377426505088806
1,0,0.41946295,1,0.5805370509624481
0,1,0.6381929,1,0.638192892074585
0,0,0.35892248,0,0.35892248153686523
0,0,0.48623028,0,0.4862302839756012
1,1,0.9654075,0,0.034592509269714355
1,1,0.5201329,0,0.4798671007156372
0,0,0.25581592,0,0.25581592321395874
1,1,0.95711863,0,0.04288136959075928
1,1,0.58351076,0,0.41648924350738525
0,1,0.5104855,1,0.5104854702949524
1,1,0.9333645,0,0.06663548946380615
1,1,0.9640978,0,0.035902202129364014
1,1,0.50596917,0,0.49403083324432373
1,1,0.9314224,0,0.0685775876045227
0,0,0.43293047,0,0.43293046951293945
1,1,0.9714777,0,0.0285223126411438
1,1,0.8658346,0,0.13416540622711182
1,1,0.97083974,0,0.029160261154174805
1,0,0.2949789,1,0.7050211131572723
0,1,0.6849247,1,0.6849247217178345
0,0,0.36052215,0,0.36052215099334717
1,0,0.49230537,1,0.5076946318149567
0,1,0.60991037,1,0.6099103689193726
1,1,0.95755285,0,0.04244714975357056
1,1,0.66196525,0,0.3380347490310669
1,1,0.94600976,0,0.05399024486541748
0,1,0.76777774,1,0.7677777409553528
1,1,0.7887685,0,0.211231529712677
0,1,0.5321811,1,0.5321810841560364
1,1,0.83407676,0,0.16592323780059814
1,1,0.6474297,0,0.3525702953338623
1,1,0.98721373,0,0.012786269187927246
1,1,0.87807125,0,0.12192875146865845
0,0,0.29307783,0,0.29307782649993896
1,1,0.80193806,0,0.19806194305419922
0,1,0.5239093,1,0.5239092707633972
1,0,0.23232286,1,0.7676771432161331
1,1,0.9224726,0,0.07752740383148193
0,0,0.39520115,0,0.3952011466026306
1,1,0.9736356,0,0.026364386081695557
0,0,0.45626518,0,0.4562651813030243
1,1,0.90347695,0,0.09652304649353027
0,0,0.2603042,0,0.26030421257019043
1,1,0.96806014,0,0.03193986415863037
0,1,0.7860381,1,0.7860381007194519
1,1,0.66814274,0,0.33185726404190063
1,0,0.4869294,1,0.5130706131458282
1,1,0.91481256,0,0.08518743515014648
1,1,0.59071815,0,0.409281849861145
1,1,0.93900555,0,0.06099444627761841
1,1,0.70090544,0,0.299094557762146
1,1,0.50717396,0,0.49282604455947876
1,1,0.9429546,0,0.05704540014266968
1,1,0.8692554,0,0.1307445764541626
1,1,0.95627576,0,0.043724238872528076
0,0,0.48103508,0,0.4810350835323334
0,0,0.3605675,0,0.36056751012802124
1,1,0.7543067,0,0.24569332599639893
1,0,0.4114901,1,0.5885098874568939
1,1,0.8562971,0,0.1437029242515564
1,1,0.7726569,0,0.22734308242797852
0,1,0.9094871,1,0.9094871282577515
1,1,0.96829087,0,0.031709134578704834
1,1,0.92098385,0,0.07901614904403687
1,0,0.30889758,1,0.6911024153232574
1,1,0.91530824,0,0.08469176292419434
1,1,0.74274683,0,0.25725317001342773
1,1,0.9274347,0,0.07256531715393066
1,1,0.9496611,0,0.050338923931121826
1,1,0.53705525,0,0.46294474601745605
1,0,0.411358,1,0.5886420011520386
1,1,0.5887796,0,0.41122037172317505
1,0,0.37522268,1,0.6247773170471191
1,1,0.61798394,0,0.38201606273651123
1,1,0.721139,0,0.27886098623275757
1,1,0.72269315,0,0.27730685472488403
0,0,0.41161966,0,0.4116196632385254
1,1,0.75869715,0,0.24130284786224365
1,1,0.7827378,0,0.21726220846176147
1,1,0.7163335,0,0.2836664915084839
1,0,0.39416817,1,0.6058318316936493
1,1,0.89191467,0,0.10808533430099487
1,1,0.9252152,0,0.07478481531143188
1,1,0.98118204,0,0.0188179612159729
0,0,0.40708885,0,0.40708884596824646
1,1,0.6537307,0,0.34626930952072144
1,1,0.7683022,0,0.23169779777526855
1,1,0.9602914,0,0.039708614349365234
1,1,0.5685614,0,0.4314386248588562
1,1,0.93884045,0,0.06115955114364624
0,1,0.948112,1,0.9481120109558105
1,0,0.33452395,1,0.6654760539531708
1,1,0.5195976,0,0.480402410030365
1,1,0.8761169,0,0.12388312816619873
1,1,0.8041181,0,0.1958819031715393
1,1,0.90934247,0,0.09065753221511841
1,1,0.66040605,0,0.33959394693374634
1,1,0.83504903,0,0.16495096683502197
1,1,0.7345237,0,0.2654762864112854
1,1,0.6797001,0,0.3202999234199524
1,1,0.710702,0,0.28929799795150757
1,1,0.7147594,0,0.2852405905723572
1,1,0.5223752,0,0.477624773979187
0,0,0.45062152,0,0.45062151551246643
1,1,0.83549726,0,0.16450273990631104
0,1,0.6050196,1,0.6050196290016174
0,0,0.45139602,0,0.45139601826667786
1,1,0.6496266,0,0.35037338733673096
0,1,0.54128337,1,0.541283369064331
1,0,0.4163324,1,0.5836676061153412
1,1,0.8208819,0,0.1791180968284607
1,1,0.7890952,0,0.2109047770500183
1,1,0.9361366,0,0.06386339664459229
1,0,0.3566223,1,0.6433776915073395
0,0,0.30737898,0,0.30737897753715515
0,0,0.18553063,0,0.1855306327342987
1,1,0.94558245,0,0.054417550563812256
1,1,0.59798366,0,0.4020163416862488
1,1,0.9727374,0,0.027262628078460693
1,1,0.97576505,0,0.02423495054244995
0,1,0.75883245,1,0.7588324546813965
1,1,0.9649285,0,0.035071492195129395
1,0,0.43859816,1,0.5614018440246582
1,1,0.892133,0,0.10786700248718262
1,1,0.95214903,0,0.047850966453552246
1,1,0.9195937,0,0.0804063081741333
1,1,0.9112592,0,0.08874082565307617
0,1,0.675034,1,0.6750339865684509
1,1,0.91748244,0,0.08251756429672241
1,1,0.86313325,0,0.1368667483329773
1,1,0.9285449,0,0.07145512104034424
0,1,0.88148564,1,0.881485641002655
0,0,0.2729647,0,0.2729646861553192
1,1,0.59587836,0,0.40412163734436035
0,1,0.5697691,1,0.5697690844535828
1,0,0.45930174,1,0.5406982600688934
0,0,0.35457993,0,0.3545799255371094
0,0,0.23945902,0,0.23945902287960052
1,1,0.90877455,0,0.09122544527053833
1,1,0.5977121,0,0.40228790044784546
0,0,0.2991767,0,0.2991766929626465
1,0,0.48900962,1,0.5109903812408447
1,1,0.92799634,0,0.07200366258621216
1,1,0.7293632,0,0.27063679695129395
0,0,0.4555263,0,0.45552629232406616
1,1,0.9631265,0,0.03687351942062378
1,1,0.8701429,0,0.1298571228981018
0,0,0.30233178,0,0.3023317754268646
1,1,0.7079394,0,0.29206061363220215
0,1,0.83105135,1,0.8310513496398926
0,0,0.4768441,0,0.47684410214424133
1,1,0.61548686,0,0.38451313972473145
1,1,0.6985619,0,0.3014380931854248
0,0,0.46117184,0,0.46117183566093445
1,1,0.8698683,0,0.13013172149658203
0,1,0.6441293,1,0.6441292762756348
0,1,0.6118743,1,0.6118742823600769
0,1,0.8230214,1,0.823021411895752
1,1,0.8858783,0,0.11412167549133301
1,1,0.9238576,0,0.07614237070083618
1,1,0.96034527,0,0.03965473175048828
1,0,0.35880688,1,0.6411931216716766
0,1,0.62914366,1,0.6291436553001404
1,1,0.51872104,0,0.4812789559364319
0,1,0.5936838,1,0.5936837792396545
1,1,0.6850082,0,0.3149917721748352
0,0,0.49540758,0,0.4954075813293457
1,0,0.4896331,1,0.5103668868541718
0,0,0.1837985,0,0.18379850685596466
1,0,0.4747346,1,0.5252653956413269
1,1,0.751533,0,0.24846702814102173
1,1,0.7923141,0,0.20768588781356812
1,0,0.39345774,1,0.6065422594547272
0,0,0.4810887,0,0.48108869791030884
1,1,0.9807289,0,0.01927107572555542
0,0,0.38768706,0,0.3876870572566986
1,1,0.5284579,0,0.4715421199798584
0,0,0.37370962,0,0.37370961904525757
1,1,0.827352,0,0.17264801263809204
1,1,0.9411672,0,0.05883282423019409
1,1,0.8713445,0,0.12865549325942993
1,1,0.9594031,0,0.04059690237045288
1,1,0.8509076,0,0.14909237623214722
1,0,0.30510822,1,0.6948917806148529
1,1,0.8779924,0,0.12200760841369629
1,1,0.9739468,0,0.026053190231323242
1,1,0.7720595,0,0.22794049978256226
1,1,0.9165122,0,0.08348780870437622
1,0,0.46542418,1,0.5345758199691772
0,1,0.70769805,1,0.7076980471611023
1,1,0.75525016,0,0.24474984407424927
1,1,0.72273797,0,0.27726203203201294
1,1,0.9217886,0,0.07821142673492432
1,1,0.607584,0,0.39241600036621094
1,0,0.4721516,1,0.5278483927249908
1,1,0.9057414,0,0.09425860643386841
1,1,0.5294559,0,0.47054409980773926
1,1,0.9590716,0,0.040928423404693604
1,1,0.7625851,0,0.2374148964881897
1,1,0.93084836,0,0.06915163993835449
0,0,0.36546618,0,0.3654661774635315
1,1,0.75026655,0,0.24973344802856445
1,1,0.84962463,0,0.1503753662109375
1,1,0.54105294,0,0.4589470624923706
1,0,0.45216936,1,0.5478306412696838
0,0,0.4730739,0,0.47307389974594116
1,1,0.7293574,0,0.27064257860183716
1,0,0.46755916,1,0.5324408411979675
0,0,0.32458276,0,0.3245827555656433
1,1,0.92806625,0,0.07193374633789062
0,1,0.8024403,1,0.8024402856826782
0,1,0.8921682,1,0.8921682238578796
1,1,0.9818039,0,0.01819610595703125
0,1,0.52229804,1,0.5222980380058289
1,0,0.38252115,1,0.6174788475036621
1,0,0.43676898,1,0.5632310211658478
1,1,0.8939415,0,0.10605847835540771
0,1,0.73257226,1,0.7325722575187683
1,1,0.8722971,0,0.12770289182662964
0,1,0.82745695,1,0.8274569511413574
1,1,0.7450581,0,0.2549418807029724
1,1,0.59922487,0,0.40077513456344604
1,1,0.9724504,0,0.0275496244430542
0,1,0.8245736,1,0.8245735764503479
1,1,0.8471491,0,0.1528509259223938
1,0,0.44522685,1,0.5547731518745422
1,1,0.86477983,0,0.13522017002105713
1,1,0.9009405,0,0.09905952215194702
1,1,0.52073115,0,0.4792688488960266
0,0,0.28686386,0,0.28686386346817017
1,1,0.75232023,0,0.24767976999282837
0,1,0.88406026,1,0.884060263633728
1,1,0.7169924,0,0.2830076217651367
0,1,0.6920865,1,0.6920865178108215
1,0,0.49639142,1,0.5036085844039917
1,0,0.42140654,1,0.5785934627056122
1,1,0.5922632,0,0.40773677825927734
0,1,0.8443756,1,0.8443756103515625
0,0,0.27850077,0,0.2785007655620575
0,0,0.3404478,0,0.3404478132724762
1,1,0.97042286,0,0.029577136039733887
0,0,0.48643503,0,0.48643502593040466
1,1,0.9142534,0,0.08574658632278442
1,1,0.9843636,0,0.0156363844871521
1,1,0.90396374,0,0.09603625535964966
0,1,0.59213907,1,0.5921390652656555
1,1,0.96073616,0,0.03926384449005127
0,1,0.5490486,1,0.5490486025810242
1,1,0.78487253,0,0.21512746810913086
1,1,0.9332811,0,0.06671887636184692
1,1,0.8359295,0,0.1640704870223999
1,1,0.8154139,0,0.18458610773086548
1,1,0.95060325,0,0.04939675331115723
1,1,0.95492095,0,0.045079052448272705
1,1,0.7663594,0,0.2336406111717224
1,0,0.39389667,1,0.6061033308506012
1,1,0.86305994,0,0.13694006204605103
0,0,0.15463293,0,0.15463292598724365
1,1,0.6896472,0,0.31035280227661133
1,1,0.9319196,0,0.06808042526245117
1,1,0.77334017,0,0.2266598343849182
1,1,0.9217184,0,0.07828158140182495
1,1,0.90674144,0,0.0932585597038269
1,0,0.3929071,1,0.6070928871631622
1,1,0.57267934,0,0.427320659160614
0,1,0.64877677,1,0.6487767696380615
1,1,0.82849187,0,0.17150813341140747
1,1,0.8869939,0,0.1130061149597168
1,1,0.8469326,0,0.15306740999221802
1,1,0.9744349,0,0.02556508779525757
1,1,0.66971034,0,0.33028966188430786
1,1,0.9519445,0,0.04805552959442139
1,1,0.549768,0,0.45023202896118164
1,1,0.9499919,0,0.05000811815261841
0,0,0.45338205,0,0.45338204503059387
0,1,0.6265846,1,0.6265845894813538
1,0,0.4857775,1,0.5142225027084351
0,0,0.46336213,0,0.4633621275424957
1,1,0.83886266,0,0.16113734245300293
1,1,0.5301541,0,0.46984589099884033
1,1,0.9309408,0,0.06905919313430786
1,1,0.949287,0,0.05071300268173218
0,1,0.60744214,1,0.6074421405792236
1,1,0.92340255,0,0.07659745216369629
1,1,0.718206,0,0.281794011592865
1,1,0.9930488,0,0.0069512128829956055
1,1,0.79156256,0,0.20843744277954102
1,0,0.4647563,1,0.5352436900138855
0,1,0.75645554,1,0.7564555406570435
1,1,0.84221256,0,0.15778744220733643
1,1,0.9676627,0,0.032337307929992676
0,1,0.7519363,1,0.7519363164901733
1,1,0.96653426,0,0.03346574306488037
0,0,0.36741403,0,0.36741402745246887
0,1,0.66149276,1,0.6614927649497986
1,1,0.9377038,0,0.06229621171951294
0,1,0.64425504,1,0.6442550420761108
0,0,0.44407186,0,0.44407185912132263
1,1,0.9731348,0,0.02686518430709839
1,1,0.93711907,0,0.06288093328475952
0,0,0.40043634,0,0.4004363417625427
1,1,0.75107807,0,0.2489219307899475
1,1,0.6600628,0,0.3399372100830078
1,1,0.5572774,0,0.4427226185798645
1,1,0.96678346,0,0.03321653604507446
1,1,0.73180234,0,0.2681976556777954
1,1,0.97024226,0,0.02975773811340332
0,1,0.7247712,1,0.7247712016105652
1,0,0.3700336,1,0.6299664080142975
1,1,0.6510924,0,0.34890758991241455
1,1,0.7448055,0,0.2551944851875305
1,1,0.9745569,0,0.025443077087402344
1,1,0.95636106,0,0.04363894462585449
1,1,0.9217913,0,0.07820868492126465
1,1,0.6398384,0,0.36016160249710083
1,1,0.9242665,0,0.075733482837677
1,1,0.92939913,0,0.07060086727142334
1,1,0.65359336,0,0.34640663862228394
1,0,0.47206965,1,0.527930349111557
1,1,0.5510907,0,0.44890928268432617
0,1,0.53591245,1,0.5359124541282654
0,0,0.4550376,0,0.45503759384155273
1,1,0.7849936,0,0.21500641107559204
1,1,0.75336474,0,0.24663525819778442
1,1,0.96043307,0,0.03956693410873413
1,1,0.6132903,0,0.38670969009399414
1,1,0.9245683,0,0.0754317045211792
0,0,0.49500734,0,0.49500733613967896
1,1,0.95268935,0,0.04731065034866333
1,1,0.777129,0,0.22287100553512573
0,1,0.8012209,1,0.8012208938598633
0,1,0.6873594,1,0.6873593926429749
0,0,0.34232298,0,0.34232297539711
1,1,0.6518826,0,0.3481174111366272
1,1,0.9497942,0,0.05020582675933838
1,1,0.7479447,0,0.252055287361145
1,0,0.31721115,1,0.6827888488769531
0,0,0.44955596,0,0.4495559632778168
1,1,0.905083,0,0.09491699934005737
1,0,0.39844033,1,0.6015596687793732
1,1,0.9888888,0,0.011111199855804443
1,1,0.8114985,0,0.1885014772415161
0,1,0.7904495,1,0.7904495000839233
1,1,0.9556623,0,0.044337689876556396
1,0,0.47416544,1,0.5258345603942871
1,1,0.9501575,0,0.0498424768447876
1,1,0.6421809,0,0.3578190803527832
1,1,0.6155833,0,0.38441669940948486
0,1,0.6673189,1,0.6673188805580139
1,1,0.8903541,0,0.10964590311050415
1,1,0.9629645,0,0.03703552484512329
0,1,0.94140154,1,0.9414015412330627
1,1,0.9209797,0,0.07902032136917114
1,1,0.7962736,0,0.2037264108657837
1,1,0.73186976,0,0.26813024282455444
1,1,0.9063196,0,0.09368038177490234
0,0,0.3750047,0,0.37500470876693726
0,1,0.9034135,1,0.9034134745597839
1,1,0.90069735,0,0.09930264949798584
0,0,0.29108202,0,0.2910820245742798
1,1,0.8697888,0,0.13021117448806763
1,0,0.43235624,1,0.5676437616348267
1,1,0.9682285,0,0.03177148103713989
0,1,0.8931663,1,0.8931663036346436
1,0,0.33384636,1,0.6661536395549774
1,1,0.5028231,0,0.4971768856048584
1,1,0.9676212,0,0.03237879276275635
0,0,0.4386856,0,0.4386855959892273
0,1,0.7197171,1,0.7197170853614807
1,1,0.8551808,0,0.1448192000389099
1,1,0.6173242,0,0.38267582654953003
1,1,0.60140175,0,0.39859825372695923
1,1,0.9415153,0,0.058484673500061035
1,1,0.6830528,0,0.31694722175598145
1,1,0.91355693,0,0.08644306659698486
1,0,0.30771503,1,0.6922849714756012
1,1,0.812751,0,0.18724900484085083
0,1,0.61868906,1,0.6186890602111816
0,0,0.32554328,0,0.32554328441619873
1,1,0.84162,0,0.15837997198104858
1,1,0.55666345,0,0.443336546421051
1,1,0.9294632,0,0.0705367922782898
0,1,0.51533544,1,0.5153354406356812
1,1,0.9133973,0,0.08660268783569336
0,0,0.49857664,0,0.49857664108276367
1,1,0.7945701,0,0.20542991161346436
1,1,0.8574179,0,0.14258211851119995
1,1,0.66762096,0,0.3323790431022644
0,1,0.5821534,1,0.5821533799171448
1,1,0.76084995,0,0.2391500473022461
1,1,0.5243541,0,0.47564589977264404
1,1,0.68452716,0,0.3154728412628174
1,1,0.97529024,0,0.024709761142730713
1,1,0.83316857,0,0.16683143377304077
1,1,0.9174902,0,0.08250981569290161
0,0,0.2820916,0,0.28209158778190613
1,1,0.93845236,0,0.06154763698577881
0,1,0.6571154,1,0.6571153998374939
1,1,0.9766793,0,0.023320674896240234
0,1,0.91275287,1,0.9127528667449951
1,1,0.9097482,0,0.09025180339813232
1,1,0.797125,0,0.202875018119812
0,1,0.53453267,1,0.5345326662063599
1,1,0.9193882,0,0.08061182498931885
1,1,0.75158954,0,0.24841046333312988
1,1,0.7410185,0,0.25898152589797974
0,0,0.25463542,0,0.25463542342185974
0,1,0.6069455,1,0.6069455146789551
1,1,0.5385812,0,0.4614188075065613
0,1,0.50341564,1,0.5034156441688538
1,1,0.6925756,0,0.3074244260787964
1,1,0.6247445,0,0.3752555251121521
0,0,0.29724842,0,0.2972484230995178
1,1,0.788082,0,0.21191799640655518
1,1,0.9716669,0,0.02833312749862671
1,1,0.74994373,0,0.25005626678466797
0,1,0.57859844,1,0.5785984396934509
0,0,0.37786642,0,0.3778664171695709
1,1,0.8376946,0,0.16230541467666626
1,1,0.8731548,0,0.12684518098831177
1,1,0.961207,0,0.03879302740097046
1,1,0.8445921,0,0.15540790557861328
0,0,0.38027734,0,0.3802773356437683
1,1,0.66454285,0,0.3354571461677551
0,1,0.5368268,1,0.5368267893791199
1,0,0.35823163,1,0.6417683660984039
0,0,0.3567629,0,0.3567628860473633
0,1,0.91993463,1,0.9199346303939819
0,0,0.3552542,0,0.355254203081131
1,1,0.72472143,0,0.27527856826782227
0,0,0.49988136,0,0.4998813569545746
1,1,0.9395663,0,0.06043368577957153
0,0,0.3398442,0,0.3398441970348358
1,0,0.19291502,1,0.8070849776268005
1,1,0.5929607,0,0.4070392847061157
1,1,0.95431715,0,0.04568284749984741
1,1,0.97360456,0,0.026395440101623535
1,1,0.89238244,0,0.10761755704879761
0,0,0.3930361,0,0.3930360972881317
0,0,0.20873776,0,0.20873776078224182
1,1,0.7241562,0,0.2758437991142273
1,1,0.80027574,0,0.1997242569923401
0,0,0.37632596,0,0.37632596492767334
0,1,0.881303,1,0.8813030123710632
0,1,0.71461016,1,0.7146101593971252
1,1,0.71213025,0,0.28786975145339966
1,1,0.97637933,0,0.023620665073394775
0,1,0.9344257,1,0.9344257116317749
0,1,0.9404734,1,0.9404733777046204
1,1,0.9345583,0,0.06544172763824463
1,1,0.91810364,0,0.08189636468887329
0,0,0.46574596,0,0.4657459557056427
1,1,0.9730857,0,0.02691429853439331
1,1,0.7220162,0,0.27798378467559814
1,1,0.89356524,0,0.10643476247787476
1,1,0.80590206,0,0.19409793615341187
0,1,0.5429741,1,0.5429741144180298
1,1,0.7269046,0,0.27309542894363403
0,0,0.49857095,0,0.4985709488391876
0,1,0.77277917,1,0.7727791666984558
1,0,0.30356154,1,0.6964384615421295
1,1,0.5189275,0,0.48107248544692993
1,0,0.36915073,1,0.6308492720127106
1,1,0.89094275,0,0.10905724763870239
1,1,0.77242845,0,0.2275715470314026
0,1,0.69111645,1,0.691116452217102
1,1,0.6121755,0,0.38782447576522827
1,1,0.7374915,0,0.2625085115432739
1,1,0.93064624,0,0.06935375928878784
1,1,0.8712792,0,0.12872081995010376
1,1,0.9483237,0,0.051676273345947266
1,1,0.9267054,0,0.07329457998275757
0,0,0.2593111,0,0.25931110978126526
1,1,0.93975496,0,0.06024503707885742
1,0,0.47214139,1,0.5278586149215698
1,1,0.97966605,0,0.020333945751190186
1,1,0.6320173,0,0.3679826855659485
1,1,0.8159866,0,0.18401342630386353
0,0,0.47292942,0,0.4729294180870056
0,0,0.48293233,0,0.48293232917785645
1,1,0.94535965,0,0.054640352725982666
1,1,0.85632616,0,0.143673837184906
1,1,0.67437726,0,0.3256227374076843
0,0,0.4214668,0,0.42146679759025574
1,1,0.96687406,0,0.03312593698501587
0,1,0.927122,1,0.9271219968795776
1,0,0.4363556,1,0.5636444091796875
1,1,0.70834327,0,0.2916567325592041
1,1,0.9448515,0,0.05514848232269287
0,0,0.3514933,0,0.35149329900741577
1,1,0.71439683,0,0.2856031656265259
1,1,0.91122144,0,0.088778555393219
1,1,0.93406063,0,0.06593936681747437
0,1,0.5227744,1,0.5227743983268738
1,0,0.38556135,1,0.6144386529922485
0,0,0.4699297,0,0.46992969512939453
1,1,0.727726,0,0.2722740173339844
0,0,0.393208,0,0.39320799708366394
1,1,0.8966267,0,0.10337328910827637
1,0,0.243191,1,0.7568089962005615
1,0,0.42473626,1,0.5752637386322021
1,1,0.95425624,0,0.04574376344680786
1,0,0.19754623,1,0.8024537712335587
1,1,0.9631339,0,0.03686612844467163
1,1,0.8806929,0,0.11930710077285767
1,0,0.41052982,1,0.5894701778888702
0,0,0.4145873,0,0.4145872890949249
0,1,0.6009252,1,0.6009252071380615
0,1,0.872377,1,0.8723769783973694
1,0,0.41058388,1,0.589416116476059
1,0,0.4262607,1,0.5737392902374268
1,1,0.90766555,0,0.09233444929122925
0,0,0.30269942,0,0.30269941687583923
1,1,0.66036797,0,0.3396320343017578
1,1,0.7013101,0,0.29868990182876587
1,0,0.34118384,1,0.6588161587715149
1,1,0.50567025,0,0.4943297505378723
1,1,0.53699833,0,0.46300166845321655
1,1,0.8392771,0,0.16072291135787964
1,1,0.9456322,0,0.054367780685424805
1,1,0.63727415,0,0.3627258539199829
1,1,0.6869633,0,0.3130366802215576
1,1,0.9669813,0,0.03301870822906494
0,0,0.19955465,0,0.1995546519756317
1,1,0.94977224,0,0.05022776126861572
1,1,0.90151083,0,0.09848916530609131
1,1,0.95743215,0,0.04256784915924072
1,1,0.6931212,0,0.30687880516052246
1,1,0.9090454,0,0.09095460176467896
1,0,0.3830752,1,0.6169247925281525
1,1,0.87716484,0,0.12283515930175781
1,0,0.46050125,1,0.5394987463951111
1,1,0.779135,0,0.22086501121520996
1,1,0.67011714,0,0.3298828601837158
1,1,0.9598494,0,0.040150582790374756
1,1,0.50122845,0,0.4987715482711792
1,1,0.9535337,0,0.046466290950775146
1,1,0.55769914,0,0.44230085611343384
1,1,0.5152361,0,0.4847639203071594
1,1,0.88156664,0,0.11843335628509521
1,1,0.8053697,0,0.19463032484054565
1,1,0.80382663,0,0.19617336988449097
1,1,0.9591371,0,0.04086291790008545
0,0,0.39546525,0,0.39546525478363037
0,0,0.4066152,0,0.4066151976585388
1,0,0.29262877,1,0.7073712348937988
0,1,0.76724994,1,0.7672499418258667
1,1,0.81725,0,0.18274998664855957
1,1,0.7186714,0,0.28132861852645874
0,0,0.22535439,0,0.2253543883562088
0,1,0.5686531,1,0.5686531066894531
0,1,0.95481247,1,0.9548124670982361
1,1,0.902037,0,0.09796297550201416
1,0,0.45390755,1,0.5460924506187439
1,1,0.8741631,0,0.12583690881729126
0,1,0.60207677,1,0.6020767688751221
0,0,0.41280276,0,0.4128027558326721
1,1,0.7738402,0,0.22615981101989746
0,1,0.65659654,1,0.6565965414047241
1,1,0.95185804,0,0.0481419563293457
1,1,0.95623696,0,0.043763041496276855
1,1,0.7156904,0,0.28430962562561035
1,1,0.9782129,0,0.02178710699081421
0,0,0.19260806,0,0.1926080584526062
1,1,0.53516626,0,0.46483373641967773
1,1,0.94257855,0,0.05742144584655762
1,1,0.82832396,0,0.17167603969573975
1,1,0.9096465,0,0.09035348892211914
0,0,0.48674703,0,0.48674702644348145
1,0,0.4999907,1,0.500009298324585
1,0,0.3693414,1,0.6306585967540741
1,0,0.4289935,1,0.5710065066814423
1,1,0.74618465,0,0.25381535291671753
1,0,0.36220044,1,0.6377995610237122
1,1,0.8849212,0,0.11507880687713623
0,0,0.14860018,0,0.14860017597675323
1,1,0.8525997,0,0.14740031957626343
1,1,0.65176266,0,0.3482373356819153
1,1,0.90390867,0,0.09609133005142212
1,1,0.63319355,0,0.3668064475059509
1,1,0.5349162,0,0.4650837779045105
1,1,0.78675,0,0.21324998140335083
0,0,0.2521209,0,0.2521209120750427
1,1,0.90825933,0,0.0917406678199768
0,1,0.63087904,1,0.6308790445327759
1,1,0.66573066,0,0.33426934480667114
1,0,0.31485924,1,0.6851407587528229
1,1,0.9751383,0,0.024861693382263184
1,1,0.9406453,0,0.05935472249984741
1,1,0.789952,0,0.21004801988601685
1,1,0.8911002,0,0.10889977216720581
1,1,0.9417746,0,0.058225393295288086
1,1,0.9635297,0,0.03647029399871826
1,1,0.92969453,0,0.0703054666519165
1,1,0.95806956,0,0.041930437088012695
0,1,0.50321084,1,0.5032108426094055
1,0,0.43173963,1,0.5682603716850281
0,0,0.4558374,0,0.4558373987674713
1,1,0.81536275,0,0.18463724851608276
0,0,0.47086653,0,0.47086653113365173
1,1,0.95158446,0,0.048415541648864746
1,1,0.9432051,0,0.05679488182067871
0,1,0.81525326,1,0.8152532577514648
0,1,0.6716188,1,0.6716188192367554
1,1,0.90359926,0,0.09640073776245117
0,0,0.22783165,0,0.2278316468000412
1,1,0.8977506,0,0.1022493839263916
1,1,0.78974307,0,0.2102569341659546
1,1,0.9822422,0,0.017757773399353027
1,1,0.9726068,0,0.027393221855163574
1,1,0.5226336,0,0.4773663878440857
1,1,0.90275085,0,0.09724915027618408
1,1,0.9003476,0,0.09965240955352783
1,1,0.6208926,0,0.37910741567611694
0,1,0.85129285,1,0.8512928485870361
1,1,0.9720714,0,0.027928590774536133
0,1,0.58287114,1,0.58287113904953
0,1,0.5071436,1,0.5071436166763306
0,0,0.29607266,0,0.29607266187667847
1,1,0.59840417,0,0.4015958309173584
0,1,0.65136355,1,0.6513635516166687
1,0,0.34308258,1,0.6569174230098724
1,1,0.8255725,0,0.17442750930786133
1,1,0.9405222,0,0.059477806091308594
1,1,0.7498103,0,0.25018972158432007
0,1,0.64659315,1,0.6465931534767151
1,1,0.97530115,0,0.024698853492736816
1,1,0.6044245,0,0.39557552337646484
1,1,0.88380855,0,0.11619144678115845
0,0,0.41035628,0,0.4103562831878662
0,0,0.3203376,0,0.32033759355545044
0,0,0.17879415,0,0.17879414558410645
0,1,0.6338532,1,0.6338531970977783
1,1,0.9527877,0,0.047212302684783936
1,1,0.9093227,0,0.09067732095718384
1,1,0.54209286,0,0.45790714025497437
0,0,0.4638922,0,0.4638921916484833
0,1,0.6326321,1,0.6326320767402649
0,0,0.43436086,0,0.4343608617782593
1,1,0.8158616,0,0.18413841724395752
0,0,0.48530918,0,0.4853091835975647
0,1,0.55717766,1,0.5571776628494263
1,1,0.6400094,0,0.35999059677124023
1,1,0.55004996,0,0.44995003938674927
1,1,0.61654866,0,0.38345134258270264
0,1,0.7294187,1,0.7294186949729919
1,1,0.93840367,0,0.0615963339805603
1,1,0.98161477,0,0.018385231494903564
0,0,0.33664873,0,0.33664873242378235
1,1,0.63794935,0,0.3620506525039673
1,1,0.68887895,0,0.31112104654312134
0,0,0.4087359,0,0.40873590111732483
0,1,0.87546515,1,0.8754651546478271
1,1,0.5737335,0,0.42626649141311646
1,1,0.9176547,0,0.08234530687332153
1,1,0.9352608,0,0.06473922729492188
1,0,0.27097028,1,0.7290297150611877
1,1,0.65389067,0,0.3461093306541443
1,1,0.6802315,0,0.319768488407135
1,1,0.50316566,0,0.49683433771133423
1,1,0.64322656,0,0.3567734360694885
1,1,0.6750876,0,0.324912428855896
1,0,0.27024835,1,0.7297516465187073
0,1,0.6840394,1,0.6840394139289856
0,1,0.5734741,1,0.573474109172821
0,0,0.25360122,0,0.25360122323036194
1,1,0.8481265,0,0.15187352895736694
0,0,0.49022382,0,0.49022382497787476
1,0,0.4924148,1,0.507585197687149
0,0,0.43789375,0,0.43789374828338623
1,1,0.9017971,0,0.09820288419723511
0,1,0.6069892,1,0.6069892048835754
1,1,0.95198077,0,0.048019230365753174
1,1,0.94370353,0,0.056296467781066895
1,1,0.7024692,0,0.29753077030181885
1,1,0.93714994,0,0.06285005807876587
1,0,0.4935107,1,0.5064893066883087
1,1,0.96310234,0,0.03689765930175781
1,1,0.8067077,0,0.19329231977462769
1,1,0.683379,0,0.31662100553512573
0,0,0.37651858,0,0.376518577337265
0,0,0.22741875,0,0.22741875052452087
1,1,0.8041615,0,0.19583851099014282
0,1,0.5265029,1,0.5265029072761536
1,1,0.5899669,0,0.41003310680389404
0,1,0.59710634,1,0.5971063375473022
0,1,0.8704794,1,0.8704794049263
1,0,0.4474856,1,0.5525144040584564
1,1,0.9043899,0,0.09561008214950562
1,1,0.95944256,0,0.04055744409561157
0,0,0.39153546,0,0.3915354609489441
1,1,0.5554888,0,0.44451117515563965
0,1,0.5025067,1,0.502506673336029
1,1,0.9131927,0,0.08680731058120728
1,1,0.8445309,0,0.1554691195487976
1,1,0.6882686,0,0.31173139810562134
0,1,0.7984772,1,0.7984771728515625
0,0,0.2898602,0,0.28986018896102905
1,1,0.9767221,0,0.023277878761291504
0,1,0.7432768,1,0.7432767748832703
1,0,0.4325337,1,0.5674662888050079
1,1,0.931564,0,0.06843602657318115
0,1,0.57247025,1,0.5724702477455139
1,1,0.9077692,0,0.09223079681396484
0,0,0.4763285,0,0.4763284921646118
0,0,0.4687978,0,0.46879780292510986
1,1,0.8265741,0,0.17342591285705566
0,1,0.5982018,1,0.5982018113136292
1,1,0.78773105,0,0.21226894855499268
1,0,0.44186428,1,0.5581357181072235
1,1,0.7034643,0,0.2965356707572937
1,1,0.9239674,0,0.07603257894515991
0,1,0.69191515,1,0.6919151544570923
1,1,0.82955515,0,0.17044484615325928
1,1,0.81355184,0,0.18644815683364868
0,0,0.4981445,0,0.4981445074081421
1,1,0.94731724,0,0.05268275737762451
1,1,0.66858566,0,0.3314143419265747
1,1,0.9318082,0,0.06819182634353638
1,1,0.9747745,0,0.025225520133972168
1,0,0.25242895,1,0.7475710511207581
1,1,0.64969605,0,0.3503039479255676
1,1,0.96066344,0,0.039336562156677246
1,1,0.60138637,0,0.3986136317253113
0,1,0.94681966,1,0.9468196630477905
0,1,0.5219149,1,0.5219148993492126
0,0,0.43962798,0,0.4396279752254486
0,1,0.85140395,1,0.8514039516448975
0,1,0.7752526,1,0.7752525806427002
0,0,0.11898438,0,0.11898437887430191
0,0,0.35751852,0,0.3575185239315033
1,0,0.4091037,1,0.5908963084220886
1,1,0.74303985,0,0.2569601535797119
0,0,0.46557358,0,0.46557357907295227
1,1,0.6147496,0,0.38525038957595825
1,1,0.57167846,0,0.4283215403556824
1,1,0.83141935,0,0.16858065128326416
1,1,0.8523178,0,0.14768218994140625
1,1,0.6296066,0,0.37039339542388916
0,1,0.88443345,1,0.8844334483146667
1,1,0.9124572,0,0.08754277229309082
1,1,0.8143696,0,0.18563038110733032
1,1,0.99008614,0,0.009913861751556396
1,1,0.59203804,0,0.40796196460723877
1,1,0.70469695,0,0.2953030467033386
0,1,0.51240814,1,0.5124081373214722
1,1,0.80470794,0,0.19529205560684204
1,1,0.54181874,0,0.4581812620162964
0,0,0.3403959,0,0.34039589762687683
0,1,0.93808067,1,0.9380806684494019
1,0,0.19516182,1,0.8048381805419922
1,1,0.6836813,0,0.31631869077682495
1,1,0.9879304,0,0.01206958293914795
1,1,0.94795805,0,0.05204194784164429
0,0,0.22829288,0,0.22829288244247437
1,1,0.9070795,0,0.09292048215866089
1,1,0.9551645,0,0.04483550786972046
1,1,0.8873155,0,0.11268448829650879
1,1,0.959187,0,0.04081302881240845
1,1,0.9123917,0,0.08760827779769897
1,1,0.8344403,0,0.16555970907211304
0,1,0.6560532,1,0.6560531854629517
1,1,0.8950895,0,0.10491049289703369
1,1,0.9735719,0,0.02642810344696045
0,0,0.28215212,0,0.28215211629867554
0,1,0.53126115,1,0.531261146068573
1,1,0.95118886,0,0.048811137676239014
1,1,0.83072954,0,0.16927045583724976
0,1,0.56103665,1,0.5610366463661194
1,1,0.9772539,0,0.02274608612060547
1,1,0.9653015,0,0.034698486328125
1,1,0.82632184,0,0.17367815971374512
0,1,0.59216547,1,0.592165470123291
1,1,0.9355525,0,0.06444752216339111
1,1,0.59473175,0,0.40526825189590454
1,1,0.947261,0,0.05273902416229248
1,1,0.80827487,0,0.19172513484954834
0,0,0.46985874,0,0.46985873579978943
1,1,0.98085034,0,0.01914966106414795
1,0,0.35029593,1,0.6497040688991547
0,0,0.36378282,0,0.3637828230857849
0,1,0.6761141,1,0.6761140823364258
1,1,0.95033014,0,0.049669861793518066
1,1,0.6887416,0,0.31125837564468384
1,1,0.8476327,0,0.15236729383468628
0,1,0.6009735,1,0.6009734869003296
0,1,0.5894171,1,0.5894170999526978
1,1,0.6068241,0,0.3931758999824524
1,1,0.9378595,0,0.06214052438735962
0,0,0.4158382,0,0.41583821177482605
1,1,0.5697572,0,0.43024277687072754
1,1,0.85632396,0,0.1436760425567627
0,0,0.3964501,0,0.39645010232925415
1,0,0.2192841,1,0.7807158976793289
1,1,0.8884011,0,0.1115989089012146
0,0,0.2634303,0,0.26343029737472534
0,0,0.4575429,0,0.45754289627075195
0,0,0.2732215,0,0.273221492767334
1,1,0.69752663,0,0.30247336626052856
1,1,0.9556265,0,0.044373512268066406
0,0,0.31542185,0,0.31542184948921204
1,1,0.5557881,0,0.4442119002342224
1,1,0.6087531,0,0.3912469148635864
1,1,0.6822875,0,0.3177124857902527
1,1,0.9889102,0,0.011089801788330078
1,1,0.63398576,0,0.3660142421722412
1,1,0.82843333,0,0.1715666651725769
1,1,0.9472566,0,0.052743375301361084
0,1,0.5051439,1,0.5051438808441162
1,1,0.93503547,0,0.06496453285217285
1,1,0.9405153,0,0.05948472023010254
0,0,0.35314912,0,0.3531491160392761
1,1,0.61584485,0,0.38415515422821045
1,1,0.9168141,0,0.08318591117858887
1,1,0.9077454,0,0.09225457906723022
1,1,0.89761364,0,0.10238635540008545
1,1,0.9675789,0,0.032421112060546875
1,1,0.5778994,0,0.42210060358047485
1,0,0.47940525,1,0.5205947458744049
1,1,0.8943544,0,0.10564559698104858
1,1,0.65319914,0,0.34680086374282837
0,1,0.5134813,1,0.5134813189506531
0,0,0.46778423,0,0.46778422594070435
0,0,0.32973623,0,0.32973623275756836
1,1,0.94903195,0,0.050968050956726074
1,1,0.89085644,0,0.10914355516433716
0,1,0.5418317,1,0.5418316721916199
0,0,0.4986786,0,0.498678594827652
0,1,0.83154386,1,0.8315438628196716
1,1,0.7732834,0,0.22671657800674438
1,1,0.95816773,0,0.04183226823806763
0,0,0.20427153,0,0.20427152514457703
0,1,0.7584563,1,0.758456289768219
1,1,0.91646415,0,0.08353585004806519
1,1,0.85949117,0,0.14050883054733276
1,1,0.88040364,0,0.11959636211395264
1,1,0.9344558,0,0.06554418802261353
0,1,0.62266755,1,0.6226675510406494
0,0,0.48169807,0,0.48169806599617004
0,0,0.4864419,0,0.4864419102668762
1,1,0.93158466,0,0.06841534376144409
0,0,0.3289054,0,0.3289054036140442
0,0,0.46948165,0,0.4694816470146179
1,0,0.36475483,1,0.6352451741695404
0,1,0.71416086,1,0.7141608595848083
1,1,0.50312907,0,0.4968709349632263
0,1,0.5849905,1,0.5849905014038086
1,1,0.71592176,0,0.2840782403945923
1,1,0.9050632,0,0.0949367880821228
1,1,0.90217334,0,0.09782665967941284
1,1,0.8432055,0,0.1567944884300232
1,1,0.86343336,0,0.1365666389465332
1,1,0.9254708,0,0.07452917098999023
1,1,0.96751964,0,0.03248035907745361
1,0,0.41696662,1,0.5830333828926086
0,1,0.64316285,1,0.6431628465652466
1,1,0.843435,0,0.15656501054763794
0,1,0.8609912,1,0.8609911799430847
1,1,0.9409709,0,0.05902910232543945
1,1,0.9070131,0,0.09298688173294067
0,0,0.3210999,0,0.3210999071598053
1,1,0.8285092,0,0.17149078845977783
1,1,0.67656666,0,0.3234333395957947
1,1,0.6579858,0,0.3420141935348511
0,1,0.56076634,1,0.560766339302063
1,1,0.72186583,0,0.27813416719436646
1,1,0.5790447,0,0.4209553003311157
0,0,0.116347134,0,0.11634713411331177
1,1,0.8599934,0,0.14000660181045532
1,1,0.9442524,0,0.0557476282119751
0,0,0.15198743,0,0.15198743343353271
1,0,0.4693355,1,0.5306645035743713
1,0,0.49846017,1,0.5015398263931274
1,1,0.9427291,0,0.05727088451385498
1,1,0.66843694,0,0.3315630555152893
1,0,0.49098602,1,0.5090139806270599
0,0,0.4264744,0,0.426474392414093
0,0,0.37757885,0,0.37757885456085205
0,0,0.19894625,0,0.1989462524652481
